school_name,MPCP_count,RPCP_count,WPCP_count,SNSP_count,ALL_STUDENTS_count,school_year,dpi_true_id
A Promise of Hope Academy,64,NA,NA,NA,64,2016-17,0000_1701
Abundant Life Christian School,NA,NA,16,NA,249,2019-20,0000_1300
Academy of Excellence,796,0,0,NA,816,2016-17,0000_1652
Academy of Excellence,803,2,1,NA,813,2017-18,0000_1652
Academy of Excellence,866,0,9,NA,886,2018-19,0000_1652
Academy of Excellence,860,0,12,NA,872,2019-20,0000_1652
All Saints Grade School,NA,NA,19,NA,40,2019-20,0000_1294
Aquinas Academy - Menomonee Falls,17,NA,15,NA,126,2019-20,0000_0857
Aquinas Catholic Schools,NA,NA,109,NA,929,2016-17,NA
Aquinas Catholic Schools,NA,NA,141,NA,962,2017-18,NA
Aquinas Catholic Schools,NA,NA,156,23,970,2018-19,NA
Aquinas Catholic Schools,NA,NA,159,26,951,2019-20,NA
Assumption Catholic Schools,NA,NA,57,NA,428,2016-17,0000_1198
Assumption Catholic Schools,NA,NA,62,NA,402,2017-18,0000_1198
Assumption Catholic Schools,NA,NA,112,NA,391,2018-19,0000_1198
Assumption Catholic Schools,NA,NA,120,5,390,2019-20,0000_1198
Assumption of the Blessed Virgin Mary School,NA,NA,15,NA,63,2018-19,0000_0090
Assumption of the Blessed Virgin Mary School,NA,NA,23,NA,62,2019-20,0000_0090
"Atlas Preparatory Academy, Inc.",693,NA,NA,NA,693,2016-17,0000_1263
"Atlas Preparatory Academy, Inc.",719,NA,NA,NA,719,2017-18,0000_1263
"Atlas Preparatory Academy, Inc.",707,NA,NA,NA,707,2018-19,0000_1263
"Atlas Preparatory Academy, Inc.",607,NA,NA,NA,607,2019-20,0000_1263
Atonement Lutheran School,304,NA,NA,NA,315,2016-17,0000_1301
Atonement Lutheran School,308,NA,NA,NA,323,2017-18,0000_1301
Atonement Lutheran School,366,NA,2,NA,371,2018-19,0000_1301
Atonement Lutheran School,396,NA,4,NA,404,2019-20,0000_1301
"Bader Hillel High, Inc.",25,NA,4,0,42,2019-20,0000_1791
Badger State Baptist School,47,8,2,NA,87,2017-18,0000_0105
Badger State Baptist School,45,7,4,NA,83,2018-19,0000_0105
Badger State Baptist School,44,11,6,NA,107,2019-20,0000_0105
Bay City Christian School,NA,NA,11,NA,75,2016-17,0000_0120
Bay City Christian School,NA,NA,44,NA,115,2017-18,0000_0120
Bay City Christian School,NA,NA,108,NA,175,2018-19,0000_0120
Bay City Christian School,NA,NA,138,NA,206,2019-20,0000_0120
Beautiful Savior Lutheran School,1,NA,3,NA,47,2016-17,0000_1115
Beautiful Savior Lutheran School,3,NA,7,NA,57,2017-18,0000_1115
Beautiful Savior Lutheran School,1,NA,9,9,68,2018-19,0000_1115
Beautiful Savior Lutheran School,0,NA,22,13,77,2019-20,0000_1115
Believers in Christ Christian Academy,245,NA,NA,NA,254,2016-17,0000_1303
Believers in Christ Christian Academy,213,NA,NA,NA,219,2017-18,0000_1303
Believers in Christ Christian Academy,212,NA,NA,NA,216,2018-19,0000_1303
Believers in Christ Christian Academy,229,NA,NA,NA,230,2019-20,0000_1303
Bethany Lutheran School,NA,0,24,NA,79,2019-20,0000_1297
Bethlehem Evangelical Lutheran School,NA,NA,NA,4,273,2018-19,0000_0210
Bethlehem Evangelical Lutheran School - Menomonee Falls,NA,NA,NA,21,283,2019-20,0000_0210
Bethlehem Lutheran School,NA,NA,16,NA,153,2016-17,0000_0230
Bethlehem Lutheran School,NA,NA,26,NA,148,2017-18,0000_0230
Bethlehem Lutheran School,NA,NA,41,NA,137,2018-19,0000_0230
Bethlehem Lutheran School - Sheboygan,NA,NA,56,NA,169,2019-20,0000_0230
Blessed Sacrament Catholic School,179,NA,NA,NA,184,2016-17,0000_1304
Blessed Sacrament Catholic School,174,NA,NA,NA,179,2017-18,0000_1304
Blessed Sacrament Catholic School,177,NA,NA,NA,181,2018-19,0000_1304
Blessed Sacrament Catholic School,160,NA,NA,NA,163,2019-20,0000_1304
Blessed Savior Catholic School,579,NA,NA,NA,587,2016-17,0000_1507
Blessed Savior Catholic School,553,NA,NA,NA,558,2017-18,0000_1507
Blessed Savior Catholic School,496,NA,3,NA,506,2018-19,0000_1507
Blessed Savior Catholic School,487,NA,8,NA,502,2019-20,0000_1507
Burlington Catholic School,NA,NA,54,NA,405,2019-20,0000_5890
"Calvary's Christian Academy, School of the Arts",59,NA,NA,NA,61,2016-17,0000_1558
"Calvary's Christian Academy, School of the Arts",96,NA,2,NA,98,2017-18,0000_1558
Calvary Baptist Christian School,NA,NA,25,NA,103,2017-18,0000_0268
Calvary Baptist Christian School,NA,NA,50,NA,136,2018-19,0000_0268
Calvary Baptist Christian School,NA,NA,63,NA,148,2019-20,0000_0268
"Carter's Christian Academy, Inc.",276,NA,NA,NA,285,2016-17,0000_1382
"Carter's Christian Academy, Inc.",366,NA,NA,NA,375,2017-18,0000_1382
"Carter's Christian Academy, Inc.",273,NA,NA,NA,275,2018-19,0000_1382
"Carter's Christian Academy, Inc.",355,NA,NA,NA,360,2019-20,0000_1382
Catholic Central High School,NA,NA,2,NA,131,2016-17,0000_0307
Catholic Central High School - Burlington,NA,0,7,NA,125,2017-18,0000_0307
Catholic Central High School - Burlington,NA,0,16,NA,128,2018-19,0000_0307
Catholic Central High School - Burlington,NA,0,23,NA,136,2019-20,0000_0307
Catholic East Elementary,186,NA,NA,NA,249,2016-17,0000_0309
Catholic East Elementary,192,NA,NA,NA,253,2017-18,0000_0309
Catholic East Elementary,190,NA,6,0,249,2018-19,0000_0309
Catholic East Elementary,187,NA,7,NA,238,2019-20,0000_0309
Catholic Memorial High School of Waukesha Inc,NA,NA,42,NA,665,2016-17,0000_0310
"Catholic Memorial High School of Waukesha, Inc.",NA,NA,58,NA,636,2017-18,0000_0310
"Catholic Memorial High School of Waukesha, Inc.",NA,NA,70,NA,604,2018-19,0000_0310
"Catholic Memorial High School of Waukesha, Inc.",NA,NA,63,NA,589,2019-20,0000_0310
Celebration Lutheran School,NA,NA,6,NA,55,2018-19,0000_1175
Celebration Lutheran School,NA,NA,16,NA,61,2019-20,0000_1175
Central Wisconsin Christian School,NA,NA,31,NA,266,2016-17,0000_8650
Central Wisconsin Christian School,NA,NA,54,NA,293,2017-18,0000_8650
Central Wisconsin Christian School,NA,NA,81,17,311,2018-19,0000_8650
Central Wisconsin Christian School,NA,NA,94,24,322,2019-20,0000_8650
CERT School,NA,6,NA,NA,6,2016-17,0000_1698
CERT School,0,5,NA,NA,5,2017-18,0000_1743
CERT School,13,5,NA,NA,18,2018-19,0000_1743
CERT School,23,9,NA,0,32,2019-20,0000_1743
"Chesterton Academy of Milwaukee, Inc.",NA,NA,6,NA,35,2019-20,0000_1734
Chilton Area Catholic School,NA,NA,7,NA,83,2017-18,0000_0330
Chilton Area Catholic School,NA,NA,12,NA,78,2018-19,0000_0330
Chilton Area Catholic School,NA,NA,20,NA,95,2019-20,0000_0330
Christ Child Academy,NA,NA,29,NA,134,2019-20,0000_0346
Christ St Peter Lutheran School,229,NA,0,0,233,2016-17,0000_1305
Christ St. Peter Lutheran School,212,NA,NA,0,218,2017-18,0000_1305
Christ St. Peter Lutheran School,200,NA,1,2,206,2018-19,0000_1305
Christ St. Peter Lutheran School,204,NA,8,3,221,2019-20,0000_1305
Christian Faith Academy of Higher Learning,102,NA,NA,NA,106,2016-17,0000_1384
Christian Faith Academy of Higher Learning,85,NA,NA,NA,85,2017-18,0000_1384
Christian Faith Academy of Higher Learning,58,NA,NA,NA,59,2018-19,0000_1384
Christian Faith Academy of Higher Learning,69,NA,NA,NA,69,2019-20,0000_1384
Clara Mohammed School,200,NA,NA,NA,208,2016-17,0000_1044
Clara Mohammed School,200,NA,NA,NA,200,2017-18,0000_1044
Clara Mohammed School,205,NA,NA,NA,205,2018-19,0000_1044
Clara Mohammed School,200,NA,NA,NA,200,2019-20,0000_1044
Columbus Catholic Schools,NA,NA,54,NA,455,2016-17,0000_0430
Columbus Catholic Schools,NA,NA,90,NA,448,2017-18,0000_0430
Columbus Catholic Schools,NA,NA,132,NA,472,2018-19,0000_0430
Columbus Catholic Schools,NA,NA,161,NA,502,2019-20,0000_0430
Community Christian School of Baraboo,NA,NA,52,NA,102,2018-19,0000_1615
Community Christian School of Baraboo,NA,NA,72,NA,119,2019-20,0000_1615
Concordia Lutheran School,NA,124,NA,11,201,2016-17,0000_0441
Concordia Lutheran School,NA,153,NA,14,219,2017-18,0000_0441
Concordia Lutheran School,NA,154,NA,24,221,2018-19,0000_0441
Concordia Lutheran School,NA,165,NA,24,234,2019-20,0000_0441
Coulee Christian School,NA,NA,57,NA,163,2019-20,0000_0436
Cristo Rey Jesuit Milwaukee High School,220,NA,NA,NA,234,2016-17,0000_1712
Cristo Rey Jesuit Milwaukee High School,307,NA,3,NA,325,2017-18,0000_1712
Cristo Rey Jesuit Milwaukee High School,362,NA,8,NA,392,2018-19,0000_1712
Cristo Rey Jesuit Milwaukee High School,368,NA,13,NA,398,2019-20,0000_1712
Cross Trainers Academy,284,NA,NA,NA,284,2017-18,0000_1489
Cross Trainers Academy,338,NA,NA,6,344,2018-19,0000_1489
Cross Trainers Academy,350,NA,NA,17,367,2019-20,0000_1489
CrossTrainers Academy,263,NA,NA,NA,263,2016-17,0000_1489
Crown of Life Christian Academy,NA,NA,36,15,114,2019-20,0000_1784
"Crown of Life Christian Academy, Inc.",NA,NA,NA,12,98,2018-19,0000_1784
Destiny High School,285,NA,NA,NA,286,2016-17,0000_1491
Destiny High School,276,NA,NA,NA,279,2017-18,0000_1491
Destiny High School,256,NA,NA,NA,256,2018-19,0000_1491
Destiny High School,253,NA,NA,NA,253,2019-20,0000_1491
Divine Destiny School,153,NA,NA,NA,156,2016-17,0000_1702
Divine Destiny School,143,NA,NA,NA,143,2017-18,0000_1702
Divine Destiny School,155,NA,NA,NA,155,2018-19,0000_1702
Divine Destiny School,125,NA,NA,NA,125,2019-20,0000_1702
Divine Mercy School,28,NA,2,NA,145,2016-17,0000_7870
Divine Mercy School,42,NA,5,NA,162,2017-18,0000_7870
Divine Mercy School,44,NA,22,NA,177,2018-19,0000_7870
Divine Mercy School,33,NA,38,NA,175,2019-20,0000_7870
Divine Redeemer Lutheran School,NA,NA,13,2,291,2016-17,0000_0500
Divine Redeemer Lutheran School,NA,NA,24,5,297,2017-18,0000_0500
Divine Redeemer Lutheran School,NA,NA,26,8,278,2018-19,0000_0500
Divine Redeemer Lutheran School,NA,NA,41,16,283,2019-20,0000_0500
Divine Savior Catholic School,NA,NA,8,NA,76,2017-18,0000_8310
Divine Savior Catholic School,NA,NA,10,5,75,2018-19,0000_8310
Divine Savior Catholic School,NA,NA,16,4,79,2019-20,0000_8310
Divine Savior Holy Angels High School,95,NA,NA,NA,694,2016-17,0000_0510
Divine Savior Holy Angels High School,94,NA,NA,NA,687,2017-18,0000_0510
Divine Savior Holy Angels High School,108,NA,NA,NA,694,2018-19,0000_0510
Divine Savior Holy Angels High School,117,NA,NA,NA,696,2019-20,0000_0510
Dominican High School,117,NA,3,NA,353,2016-17,0000_0530
Dominican High School,114,NA,4,NA,337,2017-18,0000_0530
Dominican High School,94,NA,8,NA,333,2018-19,0000_0530
Dominican High School,88,NA,11,NA,333,2019-20,0000_0530
Early View Academy of Excellence,272,NA,NA,NA,273,2016-17,0000_1158
Early View Academy of Excellence,263,NA,NA,NA,272,2017-18,0000_1158
Early View Academy of Excellence,331,NA,NA,NA,332,2018-19,0000_1158
Early View Academy of Excellence,332,NA,NA,NA,332,2019-20,0000_1158
Eastbrook Academy,207,NA,NA,NA,379,2016-17,0000_1218
Eastbrook Academy,178,NA,NA,NA,340,2017-18,0000_1218
Eastbrook Academy,184,NA,10,NA,342,2018-19,0000_1218
Eastbrook Academy,218,NA,18,NA,330,2019-20,0000_1218
El Puente High School,84,NA,NA,28,112,2019-20,0000_1631
Elm Grove Lutheran School,33,NA,4,NA,96,2016-17,0000_0600
Elm Grove Lutheran School,34,NA,7,NA,104,2017-18,0000_0600
Elm Grove Lutheran School,36,NA,8,NA,90,2018-19,0000_0600
Elm Grove Lutheran School,47,NA,10,NA,105,2019-20,0000_0600
Emanuel Lutheran School,NA,NA,16,NA,165,2016-17,0000_0604
Emanuel Lutheran School,NA,NA,31,NA,182,2017-18,0000_0604
Emanuel Lutheran School,NA,NA,45,NA,203,2018-19,0000_0604
Emanuel Lutheran School,NA,NA,46,NA,199,2019-20,0000_0604
EverGreen Academy,NA,291,NA,NA,294,2016-17,0000_1681
EverGreen Academy,NA,317,NA,NA,325,2017-18,0000_1681
EverGreen Academy,NA,350,NA,NA,358,2018-19,0000_1681
EverGreen Academy,NA,392,NA,NA,408,2019-20,0000_1681
Faith Christian Academy - Wausau,NA,NA,49,NA,142,2018-19,0000_1523
Faith Christian Academy - Wausau,NA,NA,67,NA,173,2019-20,0000_1523
Faith Christian School - Coleman,NA,NA,20,NA,85,2017-18,0000_0647
Faith Christian School - Coleman,NA,NA,41,NA,92,2018-19,0000_0647
Faith Christian School - Coleman,NA,NA,51,NA,97,2019-20,0000_0647
Faith Lutheran School - Fond du Lac,NA,NA,72,NA,245,2019-20,0000_0652
First Evangelical Lutheran School,NA,NA,8,NA,31,2016-17,0000_0675
First Evangelical Lutheran School,NA,NA,12,NA,36,2017-18,0000_0675
First Evangelical Lutheran School,NA,NA,11,NA,25,2018-19,0000_0675
First Evangelical Lutheran School,NA,NA,11,NA,24,2019-20,0000_0675
First German Evangelical Lutheran Grade School,NA,NA,25,NA,80,2019-20,0000_0680
First Immanuel Lutheran School,5,NA,6,NA,293,2016-17,0000_0690
First Immanuel Lutheran School,10,NA,8,NA,284,2017-18,0000_0690
First Immanuel Lutheran School,11,NA,25,NA,311,2018-19,0000_0690
First Immanuel Lutheran School,8,NA,29,NA,292,2019-20,0000_0690
Fond du Lac Christian School,NA,NA,10,NA,92,2017-18,0000_8260
Fond du Lac Christian School,NA,NA,30,NA,94,2018-19,0000_8260
Fond du Lac Christian School,NA,NA,33,NA,76,2019-20,0000_8260
Fox Valley Lutheran High School,NA,NA,90,NA,583,2016-17,0000_0700
Fox Valley Lutheran High School,NA,NA,124,NA,618,2017-18,0000_0700
Fox Valley Lutheran High School,NA,NA,169,NA,655,2018-19,0000_0700
Fox Valley Lutheran High School,NA,NA,198,NA,683,2019-20,0000_0700
Friedens Lutheran School,NA,4,72,NA,147,2016-17,0000_0730
Friedens Lutheran School,NA,2,72,NA,132,2017-18,0000_0730
Friedens Lutheran School,NA,3,86,NA,129,2018-19,0000_0730
Friedens Lutheran School,NA,16,88,NA,142,2019-20,0000_0730
Garden Homes Lutheran School,251,NA,NA,NA,253,2016-17,0000_0740
Garden Homes Lutheran School,252,NA,NA,NA,253,2017-18,0000_0740
Garden Homes Lutheran School,247,NA,NA,NA,251,2018-19,0000_0740
Garden Homes Lutheran School,258,NA,NA,NA,264,2019-20,0000_0740
Good Shepherd's Lutheran School - West Allis,31,NA,4,NA,109,2016-17,0000_0790
Good Shepherd's Lutheran School - West Allis,26,NA,7,NA,105,2017-18,0000_0790
Good Shepherd's Lutheran School - West Allis,27,NA,5,NA,99,2018-19,0000_0790
Good Shepherd's Lutheran School - West Allis,33,NA,7,NA,106,2019-20,0000_0790
Good Shepherd Evangelical Lutheran School - West Bend,NA,NA,18,NA,212,2016-17,0000_0780
Good Shepherd Evangelical Lutheran School - West Bend,NA,NA,20,NA,216,2017-18,0000_0780
Good Shepherd Evangelical Lutheran School - West Bend,NA,NA,27,2,197,2018-19,0000_0780
Good Shepherd Evangelical Lutheran School - West Bend,NA,NA,33,6,233,2019-20,0000_0780
Good Shepherd Lutheran School - Watertown,NA,NA,11,NA,80,2016-17,0000_0768
Good Shepherd Lutheran School - Watertown,NA,NA,26,NA,111,2017-18,0000_0768
Good Shepherd Lutheran School - Watertown,NA,NA,45,NA,133,2018-19,0000_0768
Good Shepherd Lutheran School - Watertown,NA,NA,54,NA,149,2019-20,0000_0768
Grace Christian Academy,172,NA,18,NA,262,2016-17,0000_1088
Grace Christian Academy,168,NA,23,NA,260,2017-18,0000_1088
Grace Christian Academy - West Allis,138,NA,29,NA,219,2018-19,0000_1088
Grace Christian Academy - West Allis,139,NA,26,NA,216,2019-20,0000_1088
Grace Lutheran School,49,NA,18,NA,227,2016-17,0000_0818
Grace Lutheran School - Menomonee Falls,49,NA,19,NA,225,2017-18,0000_0818
Grace Lutheran School - Menomonee Falls,56,NA,15,NA,212,2018-19,0000_0818
Grace Lutheran School - Menomonee Falls,54,NA,16,NA,207,2019-20,0000_0818
Grace Lutheran School - Oak Creek,11,3,4,NA,57,2018-19,0000_0825
Grace Lutheran School - Oak Creek,11,6,13,NA,70,2019-20,0000_0825
Grace Lutheran School - Oshkosh,NA,NA,35,NA,133,2019-20,0000_0830
Granville Lutheran School,237,NA,NA,2,244,2016-17,0000_1165
Granville Lutheran School,239,NA,NA,3,249,2017-18,0000_1165
Granville Lutheran School,265,NA,NA,4,269,2018-19,0000_1165
Granville Lutheran School,257,NA,4,6,268,2019-20,0000_1165
Greater Holy Temple Christian Academy,691,NA,NA,NA,691,2016-17,0000_1345
Greater Holy Temple Christian Academy,628,NA,NA,NA,628,2017-18,0000_1345
Greater Holy Temple Christian Academy,613,NA,NA,NA,618,2018-19,0000_1345
Greater Holy Temple Christian Academy,567,NA,NA,NA,567,2019-20,0000_1345
Green Bay Adventist Junior Academy,NA,NA,4,NA,31,2017-18,0000_8120
Green Bay Adventist Junior Academy,NA,NA,12,NA,36,2018-19,0000_8120
Green Bay Adventist Junior Academy,NA,NA,15,NA,35,2019-20,0000_8120
Green Bay Area Catholic Education - East,NA,NA,114,NA,578,2016-17,NA
Green Bay Area Catholic Education - East,NA,NA,190,NA,638,2017-18,NA
Green Bay Area Catholic Education - East,NA,NA,287,NA,685,2018-19,NA
Green Bay Area Catholic Education - East,NA,NA,355,NA,717,2019-20,NA
Green Bay Area Catholic Education - South,NA,NA,35,NA,743,2016-17,NA
Green Bay Area Catholic Education - South,NA,NA,51,NA,727,2017-18,NA
Green Bay Area Catholic Education - South,NA,NA,55,NA,690,2018-19,NA
Green Bay Area Catholic Education - South,NA,NA,64,NA,675,2019-20,NA
Green Bay Area Catholic Education - West,NA,NA,27,NA,413,2016-17,NA
Green Bay Area Catholic Education - West,NA,NA,46,NA,436,2017-18,NA
Green Bay Area Catholic Education - West,NA,NA,48,NA,409,2018-19,NA
Green Bay Area Catholic Education - West,NA,NA,65,NA,428,2019-20,NA
Green Bay Trinity Lutheran School,NA,NA,39,NA,92,2018-19,0000_1371
Green Bay Trinity Lutheran School,NA,NA,42,NA,94,2019-20,0000_1371
Guidance Academy,123,0,11,NA,185,2018-19,0000_1731
Guidance Academy,156,0,21,NA,221,2019-20,0000_1731
Hales Corners Lutheran School,48,NA,16,NA,396,2016-17,0000_0840
Hales Corners Lutheran School,56,NA,18,NA,390,2017-18,0000_0840
Hales Corners Lutheran School,64,NA,33,NA,403,2018-19,0000_0840
Hales Corners Lutheran School,74,NA,47,NA,404,2019-20,0000_0840
Heritage Christian Schools,194,NA,73,3,550,2016-17,0000_0848
Heritage Christian Schools,200,NA,95,4,548,2017-18,0000_0848
Heritage Christian Schools,207,NA,136,9,558,2018-19,0000_0848
Heritage Christian Schools,182,NA,169,15,552,2019-20,0000_0848
Hickman Academy Preparatory School,276,NA,NA,NA,276,2016-17,0000_1101
Hickman Academy Preparatory School,264,NA,NA,NA,264,2017-18,0000_1101
High Point Christian School,NA,NA,NA,5,217,2018-19,0000_0855
High Point Christian School,NA,NA,62,13,242,2019-20,0000_0855
Hillel Academy,64,NA,6,NA,126,2016-17,0000_0856
Hillel Academy,70,NA,13,NA,144,2017-18,0000_0856
Hillel Academy,83,NA,22,3,151,2018-19,0000_0856
Hillel Academy,73,NA,30,9,151,2019-20,0000_0856
Holy Family School,NA,NA,NA,3,199,2016-17,NA
Holy Family School,NA,NA,NA,3,176,2017-18,NA
Holy Family School,NA,NA,NA,3,174,2018-19,NA
Holy Family School - Brillion,NA,NA,16,NA,57,2019-20,0000_6280
Holy Family School - Whitefish Bay,NA,NA,NA,7,162,2019-20,0000_1050
Holy Redeemer Christian Academy,398,NA,NA,NA,446,2016-17,0000_1180
Holy Redeemer Christian Academy,372,NA,NA,NA,385,2017-18,0000_1180
Holy Redeemer Christian Academy,393,NA,NA,NA,398,2018-19,0000_1180
Holy Redeemer Christian Academy,345,NA,NA,NA,359,2019-20,0000_1180
Holy Rosary Catholic School,NA,NA,NA,1,70,2016-17,NA
Holy Rosary Catholic School - Kewaunee,NA,NA,8,NA,70,2018-19,0000_1250
Holy Rosary Catholic School - Kewaunee,NA,NA,15,NA,74,2019-20,0000_1250
Holy Rosary Catholic School - Medford,NA,NA,12,1,65,2017-18,0000_1220
Holy Rosary Catholic School - Medford,NA,NA,16,1,73,2018-19,0000_1220
Holy Rosary Catholic School - Medford,NA,NA,19,5,78,2019-20,0000_1220
Holy Trinity School,NA,NA,4,NA,28,2019-20,0000_1355
Holy Wisdom Academy,242,NA,NA,NA,246,2016-17,0000_2850
Holy Wisdom Academy,230,NA,NA,NA,235,2017-18,0000_2850
Holy Wisdom Academy,232,NA,NA,NA,238,2018-19,0000_2850
Holyland Catholic School,NA,NA,5,NA,60,2018-19,0000_0447
Holyland Catholic School,NA,NA,5,NA,60,2019-20,0000_0447
Hope Christian High School,305,NA,NA,NA,305,2016-17,0000_1408
Hope Christian High School,271,NA,NA,NA,271,2017-18,0000_1408
HOPE Christian High School,278,NA,NA,NA,278,2018-19,0000_1408
HOPE Christian High School,261,NA,NA,NA,261,2019-20,0000_1408
Hope Christian School: Caritas,238,NA,NA,NA,238,2016-17,0000_1703
Hope Christian School: Caritas,334,NA,NA,NA,334,2017-18,0000_1703
HOPE Christian School: Caritas,434,NA,NA,NA,434,2018-19,0000_1703
HOPE Christian School: Caritas,493,NA,NA,NA,493,2019-20,0000_1703
Hope Christian School: Fidelis,196,NA,NA,NA,196,2016-17,0000_1729
Hope Christian School: Fidelis,329,NA,NA,NA,329,2017-18,0000_1729
HOPE Christian School: Fidelis,408,NA,NA,NA,408,2018-19,0000_1729
HOPE Christian School: Fidelis,483,NA,NA,NA,484,2019-20,0000_1729
Hope Christian School: Fortis,490,NA,NA,NA,490,2016-17,0000_1439
Hope Christian School: Fortis,505,NA,NA,NA,505,2017-18,0000_1439
HOPE Christian School: Fortis,507,NA,NA,NA,507,2018-19,0000_1439
HOPE Christian School: Fortis,495,NA,NA,NA,495,2019-20,0000_1439
Hope Christian School: Prima,572,NA,NA,NA,572,2016-17,0000_1315
Hope Christian School: Prima,568,NA,NA,NA,568,2017-18,0000_1315
HOPE Christian School: Prima,575,NA,NA,NA,576,2018-19,0000_1315
HOPE Christian School: Prima,573,NA,NA,NA,574,2019-20,0000_1315
Hope Christian School: Semper,384,NA,NA,NA,384,2016-17,0000_1656
Hope Christian School: Semper,408,NA,NA,NA,408,2017-18,0000_1656
HOPE Christian School: Semper,391,NA,NA,NA,391,2018-19,0000_1656
HOPE Christian School: Semper,418,NA,NA,NA,422,2019-20,0000_1656
Hope Christian School: Via,NA,163,NA,NA,165,2016-17,0000_1711
Hope Christian School: Via,NA,287,NA,NA,288,2017-18,0000_1711
HOPE Christian School: Via,NA,320,NA,NA,320,2018-19,0000_1711
HOPE Christian School: Via,NA,380,NA,NA,380,2019-20,0000_1711
Immanuel Lutheran School - Brookfield,120,NA,13,2,292,2016-17,0000_1568
Immanuel Lutheran School - Brookfield,132,NA,8,3,307,2017-18,0000_1568
Immanuel Lutheran School - Brookfield,147,NA,23,24,338,2018-19,0000_1568
Immanuel Lutheran School - Brookfield,150,NA,29,33,350,2019-20,0000_1568
Immanuel Lutheran School - Sheboygan,NA,NA,10,NA,61,2016-17,0000_1587
Immanuel Lutheran School - Sheboygan,NA,NA,17,NA,60,2017-18,0000_1587
Immanuel Lutheran School - Sheboygan,NA,NA,28,NA,60,2018-19,0000_1587
Immanuel Lutheran School - Sheboygan,NA,NA,18,NA,21,2019-20,0000_1587
Immanuel Lutheran School - Wisc Rapids,NA,NA,22,NA,148,2016-17,0000_1560
Immanuel Lutheran School - Wisconsin Rapids,NA,NA,43,NA,152,2017-18,0000_1560
Immanuel Lutheran School - Wisconsin Rapids,NA,NA,84,NA,174,2018-19,0000_1560
Immanuel Lutheran School - Wisconsin Rapids,NA,NA,94,5,181,2019-20,0000_1560
Institute of Technology and Academics,259,NA,NA,NA,262,2016-17,0000_1527
Institute of Technology and Academics,269,NA,NA,NA,270,2017-18,0000_1527
Institute of Technology and Academics,316,NA,NA,NA,316,2018-19,0000_1527
Institute of Technology and Academics,316,NA,NA,NA,319,2019-20,0000_1527
Jo's Learning Academy,53,NA,NA,NA,55,2016-17,0000_1684
Jo's Learning Academy,47,NA,NA,NA,47,2017-18,0000_1684
Jo's Learning Academy,46,NA,NA,NA,50,2018-19,0000_1684
Jo's Learning Academy,40,NA,NA,NA,40,2019-20,0000_1684
John Paul II Academy,NA,157,NA,NA,207,2016-17,0000_2620
John Paul II Academy,NA,190,NA,NA,222,2017-18,0000_2620
Kettle Moraine Lutheran High School,9,NA,78,NA,427,2016-17,0000_1630
Kettle Moraine Lutheran High School,13,NA,82,NA,452,2017-18,0000_1630
Kettle Moraine Lutheran High School,15,NA,98,11,487,2018-19,0000_1630
Kettle Moraine Lutheran High School,17,NA,105,16,508,2019-20,0000_1630
"King's Academy, Inc",201,NA,NA,NA,202,2016-17,0000_1221
"King's Academy, Inc.",199,NA,NA,NA,201,2017-18,0000_1221
"King's Academy, Inc.",209,NA,NA,NA,210,2018-19,0000_1221
"King's Academy, Inc.",201,NA,NA,NA,203,2019-20,0000_1221
Kingdom Prep Lutheran High School,52,NA,NA,NA,53,2018-19,0000_1774
Kingdom Prep Lutheran High School,96,NA,1,NA,103,2019-20,0000_1774
Lake Country Lutheran High School,NA,NA,7,9,309,2016-17,0000_1214
Lake Country Lutheran High School,NA,NA,17,9,323,2017-18,0000_1214
Lake Country Lutheran High School,NA,NA,25,13,373,2018-19,0000_1214
Lake Country Lutheran High School,NA,NA,33,14,387,2019-20,0000_1214
Lakeside Lutheran High School,NA,NA,25,NA,401,2016-17,0000_1640
Lakeside Lutheran High School,NA,NA,53,NA,411,2017-18,0000_1640
Lakeside Lutheran High School,NA,NA,78,NA,430,2018-19,0000_1640
Lakeside Lutheran High School,NA,NA,103,NA,406,2019-20,0000_1640
Lamb of God Ev Lutheran School,8,NA,10,NA,54,2019-20,0000_8730
Lighthouse Christian School,NA,NA,47,8,94,2016-17,0000_1417
Lighthouse Christian School,NA,NA,81,11,147,2017-18,0000_1417
Lighthouse Christian School,NA,NA,112,17,187,2018-19,0000_1417
Lighthouse Christian School,NA,NA,121,19,199,2019-20,0000_1417
Living Word Lutheran High School,21,NA,8,NA,202,2018-19,0000_1368
Living Word Lutheran High School,26,NA,18,4,219,2019-20,0000_1368
Lourdes Academy,NA,NA,67,NA,587,2016-17,0000_8015
Lourdes Academy,NA,NA,91,NA,578,2017-18,0000_8015
Lourdes Academy,NA,NA,133,NA,587,2018-19,0000_8015
Lourdes Academy,NA,NA,142,NA,546,2019-20,0000_8015
Luther High School - Onalaska,NA,NA,14,NA,240,2018-19,0000_1670
Luther High School - Onalaska,NA,NA,37,NA,247,2019-20,0000_1670
Luther Preparatory School,9,0,28,NA,416,2017-18,0000_2042
Luther Preparatory School,26,0,61,NA,417,2018-19,0000_2042
Luther Preparatory School,23,1,87,NA,403,2019-20,0000_2042
Lutheran High School Association of Racine,NA,134,NA,NA,234,2016-17,0000_2370
Lutheran High School Association of Racine,NA,145,NA,NA,246,2017-18,0000_2370
Lutheran High School Association of Racine,NA,163,NA,NA,264,2018-19,0000_2370
Lutheran High School Association of Racine,NA,187,NA,NA,270,2019-20,0000_2370
Lutheran Special School,25,NA,2,12,45,2016-17,0000_1685
Lutheran Special School & Education Services,26,NA,2,14,46,2017-18,0000_1685
Lutheran Special School & Education Services,17,NA,0,34,51,2018-19,0000_1742
Lutheran Special School & Education Services,19,NA,0,48,67,2019-20,0000_1742
Malaika Early Learning Center,90,NA,NA,NA,94,2016-17,0000_1374
Malaika Early Learning Center,109,NA,NA,NA,110,2017-18,0000_1374
Malaika Early Learning Center,89,NA,NA,NA,89,2018-19,0000_1374
Malaika Early Learning Center,98,NA,NA,NA,98,2019-20,0000_1374
Manitowoc Lutheran High School,NA,NA,15,NA,207,2016-17,0000_1730
Manitowoc Lutheran High School,NA,NA,32,NA,208,2017-18,0000_1730
Manitowoc Lutheran High School,NA,NA,53,NA,206,2018-19,0000_1730
Manitowoc Lutheran High School,NA,NA,71,NA,209,2019-20,0000_1730
Maranatha Baptist Academy,NA,NA,8,NA,56,2019-20,0000_1740
Marquette University High School,132,NA,NA,NA,1053,2016-17,0000_1770
Marquette University High School,139,NA,NA,NA,1028,2017-18,0000_1770
Marquette University High School,133,NA,NA,NA,981,2018-19,0000_1770
Marquette University High School,117,NA,NA,NA,956,2019-20,0000_1770
Martin Luther Evangelical Lutheran Grade School - Neenah,NA,NA,17,NA,52,2019-20,0000_1780
Martin Luther High School,245,NA,11,8,508,2016-17,0000_1782
Martin Luther High School,278,NA,17,8,520,2017-18,0000_1782
Martin Luther High School - Greendale,306,NA,26,9,524,2018-19,0000_1782
Martin Luther High School - Greendale,367,1,40,12,575,2019-20,0000_1782
Martin Luther School - Oshkosh,NA,NA,9,NA,91,2018-19,0000_1785
Martin Luther School - Oshkosh,NA,NA,12,NA,93,2019-20,0000_1785
Mary Queen of Saints Catholic Academy,37,NA,10,NA,140,2016-17,0000_2880
Mary Queen of Saints Catholic Academy,46,NA,34,NA,174,2017-18,0000_2880
Mary Queen of Saints Catholic Academy,55,NA,43,2,196,2018-19,0000_2880
Mary Queen of Saints Catholic Academy,55,NA,46,2,199,2019-20,0000_2880
McDonell Area Catholic Schools,NA,NA,60,NA,432,2016-17,0000_1800
McDonell Area Catholic Schools,NA,NA,80,NA,408,2017-18,0000_1800
McDonell Area Catholic Schools,NA,NA,109,4,430,2018-19,0000_1800
McDonell Area Catholic Schools,NA,NA,116,16,434,2019-20,0000_1800
Messmer Catholic Schools,1642,NA,NA,NA,1660,2016-17,0000_1606
Messmer Catholic Schools,1619,NA,NA,NA,1633,2017-18,0000_1606
Messmer Catholic Schools,1519,NA,NA,4,1530,2018-19,0000_1606
Messmer Catholic Schools,1337,NA,6,6,1356,2019-20,0000_1606
Milwaukee Lutheran High School,628,NA,6,26,750,2016-17,0000_1870
Milwaukee Lutheran High School,683,NA,6,28,800,2017-18,0000_1870
Milwaukee Lutheran High School,714,NA,12,35,820,2018-19,0000_1870
Milwaukee Lutheran High School,740,NA,18,33,845,2019-20,0000_1870
Milwaukee Seventh Day Adventist School,195,NA,0,NA,205,2016-17,0000_1873
Milwaukee Seventh Day Adventist School,193,NA,12,NA,216,2017-18,0000_1873
Milwaukee Seventh Day Adventist School,177,NA,15,NA,206,2018-19,0000_1873
Milwaukee Seventh Day Adventist School,181,NA,11,NA,203,2019-20,0000_1873
Montessori School of Waukesha,NA,NA,NA,3,64,2016-17,0000_1152
Montessori School of Waukesha,NA,NA,NA,4,59,2017-18,0000_1152
Montessori School of Waukesha,NA,NA,NA,10,57,2018-19,0000_1152
Montessori School of Waukesha,NA,NA,NA,11,17,2019-20,0000_1152
Morning Star Lutheran School,NA,NA,8,NA,137,2016-17,0000_1041
Morning Star Lutheran School,NA,NA,25,NA,157,2017-18,0000_1041
Morning Star Lutheran School,NA,NA,21,NA,137,2018-19,0000_1041
Morning Star Lutheran School,NA,NA,30,NA,153,2019-20,0000_1041
Mother of Good Counsel School,216,NA,NA,NA,220,2016-17,0000_1910
Mother of Good Counsel School,219,NA,NA,NA,222,2017-18,0000_1910
Mother of Good Counsel School,222,NA,NA,NA,226,2018-19,0000_1910
Mother of Good Counsel School,213,NA,NA,NA,218,2019-20,0000_1910
Mount Calvary Lutheran School,184,NA,NA,NA,189,2016-17,0000_1930
Mount Calvary Lutheran School,184,NA,NA,NA,185,2017-18,0000_1930
Mount Calvary Lutheran School,193,NA,NA,NA,194,2018-19,0000_1930
Mount Calvary Lutheran School,182,NA,NA,NA,186,2019-20,0000_1930
Mount Lebanon Lutheran School,216,NA,NA,NA,222,2016-17,0000_1980
Mount Lebanon Lutheran School,227,NA,NA,NA,233,2017-18,0000_1980
Mount Lebanon Lutheran School,232,NA,NA,NA,242,2018-19,0000_1980
Mount Lebanon Lutheran School,231,NA,NA,NA,242,2019-20,0000_1980
Mount Olive Evangelical Lutheran School - Appleton,NA,NA,66,NA,283,2019-20,0000_1982
Mount Olive Lutheran School,137,NA,6,6,183,2016-17,0000_1990
Mount Olive Lutheran School,143,NA,4,4,178,2017-18,0000_1990
Mount Olive Lutheran School - Milwaukee,142,NA,3,2,173,2018-19,0000_1990
Mount Olive Lutheran School - Milwaukee,140,NA,5,NA,170,2019-20,0000_1990
Nativity Jesuit Academy,177,NA,5,NA,195,2016-17,0000_1996
Nativity Jesuit Academy,220,NA,3,NA,232,2017-18,0000_1996
Nativity Jesuit Academy,246,NA,2,NA,255,2018-19,0000_1996
Nativity Jesuit Academy,234,NA,10,NA,252,2019-20,0000_1996
New Testament Christian Academy,129,NA,NA,NA,147,2016-17,0000_1327
New Testament Christian Academy,122,NA,NA,NA,140,2017-18,0000_1327
New Testament Christian Academy,140,NA,4,NA,161,2018-19,0000_1327
New Testament Christian Academy,146,NA,7,NA,174,2019-20,0000_1327
Newman Catholic Schools,NA,NA,94,NA,531,2016-17,0000_2010
Newman Catholic Schools,NA,NA,103,NA,520,2017-18,0000_2010
Newman Catholic Schools,NA,NA,113,4,544,2018-19,0000_2010
Newman Catholic Schools,NA,NA,119,12,550,2019-20,0000_2010
Northeastern Wisconsin Lutheran High School,NA,NA,5,NA,119,2016-17,0000_2040
Northeastern Wisconsin Lutheran High School,NA,NA,10,NA,122,2017-18,0000_2040
Northeastern Wisconsin Lutheran High School - Green Bay,NA,NA,28,NA,121,2018-19,0000_2040
Northeastern Wisconsin Lutheran High School - Green Bay,NA,NA,27,0,135,2019-20,0000_2040
Northland Lutheran High School,NA,NA,4,NA,63,2018-19,0000_2015
Northland Lutheran High School,NA,NA,8,NA,62,2019-20,0000_2015
Northwest Catholic School,215,NA,NA,NA,226,2016-17,0000_1575
Northwest Catholic School,206,NA,NA,NA,213,2017-18,0000_1575
Northwest Catholic School,193,NA,3,0,200,2018-19,0000_1575
Northwest Catholic School,159,NA,5,4,171,2019-20,0000_1575
Northwest Lutheran School,240,NA,NA,3,244,2016-17,0000_2030
Northwest Lutheran School,226,NA,NA,4,230,2017-18,0000_2030
Northwest Lutheran School,226,NA,NA,4,233,2018-19,0000_2030
Northwest Lutheran School,231,NA,NA,7,242,2019-20,0000_2030
Notre Dame de la Baie Academy,NA,NA,57,NA,770,2016-17,0000_2046
Notre Dame de la Baie Academy,NA,NA,93,NA,765,2017-18,0000_2046
Notre Dame de la Baie Academy,NA,NA,137,13,776,2018-19,0000_2046
Notre Dame de la Baie Academy,NA,NA,169,13,784,2019-20,0000_2046
Notre Dame School of Milwaukee,406,NA,NA,NA,419,2016-17,0000_1095
Notre Dame School of Milwaukee,427,NA,3,NA,446,2017-18,0000_1095
Notre Dame School of Milwaukee,480,NA,12,2,510,2018-19,0000_1095
Notre Dame School of Milwaukee,490,NA,22,8,531,2019-20,0000_1095
Oostburg Christian School,NA,NA,23,NA,121,2016-17,0000_2100
Oostburg Christian School,NA,NA,33,NA,125,2017-18,0000_2100
Oostburg Christian School,NA,NA,39,NA,144,2018-19,0000_2100
Oostburg Christian School,NA,NA,53,NA,168,2019-20,0000_2100
Open Wings Learning Community,NA,NA,NA,16,26,2019-20,0000_1675
Our Father's Lutheran School,19,0,10,NA,68,2016-17,0000_2105
Our Father's Lutheran School,32,0,11,NA,77,2017-18,0000_2105
Our Father's Lutheran School,23,1,27,NA,75,2018-19,0000_2105
Our Father's Lutheran School,20,5,23,NA,77,2019-20,0000_2105
Our Lady of Grace Academy,NA,192,NA,NA,220,2016-17,0000_3640
Our Lady of Grace Academy,NA,191,NA,NA,208,2017-18,0000_3640
Our Lady of Sorrows Grade School,NA,NA,14,NA,81,2018-19,0000_2190
Our Lady of Sorrows Grade School,NA,NA,16,NA,66,2019-20,0000_2190
Our Lady of The Lake Catholic School,NA,NA,55,NA,117,2018-19,0000_2215
Our Lady of The Lake Catholic School,NA,NA,54,15,117,2019-20,0000_2215
Our Lady of The Lake School,NA,NA,18,NA,103,2016-17,0000_2215
Our Lady of The Lake School,NA,NA,29,NA,89,2017-18,0000_2215
Our Lady Queen of Peace,161,NA,NA,NA,165,2016-17,0000_2240
Our Lady Queen of Peace,156,NA,NA,NA,158,2017-18,0000_2240
Our Lady Queen of Peace,154,NA,5,0,163,2018-19,0000_2240
Our Lady Queen of Peace,140,NA,7,NA,152,2019-20,0000_2240
Pacelli Catholic Schools,NA,NA,78,NA,597,2016-17,0000_7417
Pacelli Catholic Schools,NA,NA,105,NA,592,2017-18,0000_7417
Pacelli Catholic Schools,NA,NA,124,NA,588,2018-19,0000_7417
Pacelli Catholic Schools,NA,NA,138,NA,561,2019-20,0000_7417
Peace Lutheran School - Antigo,NA,NA,43,NA,140,2017-18,0000_2280
Peace Lutheran School - Antigo,NA,NA,64,NA,161,2018-19,0000_2280
Peace Lutheran School - Antigo,NA,NA,94,NA,184,2019-20,0000_2280
Peace Lutheran School - Hartford,NA,NA,1,NA,190,2017-18,0000_2275
Peace Lutheran School - Hartford,NA,NA,17,NA,190,2018-19,0000_2275
Peace Lutheran School - Hartford,NA,NA,19,2,192,2019-20,0000_2275
Pilgrim Lutheran School - Green Bay,NA,NA,3,NA,181,2016-17,0000_2293
Pilgrim Lutheran School - Green Bay,NA,NA,8,NA,182,2017-18,0000_2293
Pilgrim Lutheran School - Green Bay,NA,NA,15,NA,195,2018-19,0000_2293
Pilgrim Lutheran School - Green Bay,NA,NA,30,NA,204,2019-20,0000_2293
Pilgrim Lutheran School - Wauwatosa,239,NA,NA,4,243,2016-17,0000_2291
Pilgrim Lutheran School - Wauwatosa,198,NA,NA,0,198,2017-18,0000_2291
Pilgrim Lutheran School - Wauwatosa,216,NA,2,2,221,2018-19,0000_2291
Pilgrim Lutheran School - Wauwatosa,226,NA,3,1,238,2019-20,0000_2291
Pius XI Catholic High School,394,NA,4,10,806,2016-17,0000_2300
Pius XI Catholic High School,410,NA,13,12,800,2017-18,0000_2300
Pius XI Catholic High School,425,NA,22,15,758,2018-19,0000_2300
Pius XI Catholic High School,427,NA,32,17,738,2019-20,0000_2300
Prairie Hill Waldorf School,NA,NA,26,NA,96,2018-19,0000_2315
Prairie Hill Waldorf School,NA,NA,41,NA,112,2019-20,0000_2315
Prince of Peace,455,NA,1,NA,461,2016-17,0000_1205
Prince of Peace,447,NA,0,NA,448,2017-18,0000_1205
Prince of Peace,446,NA,0,0,447,2018-19,0000_1205
Prince of Peace,408,NA,3,2,414,2019-20,0000_1205
Racine Christian School,NA,33,NA,NA,115,2017-18,0000_2360
Racine Christian School,NA,60,NA,NA,135,2018-19,0000_2360
Racine Christian School,NA,82,NA,NA,151,2019-20,0000_2360
"Randolph Christian School Society, Inc.",NA,NA,4,NA,86,2016-17,0000_2380
"Randolph Christian School Society, Inc.",NA,NA,4,NA,68,2017-18,0000_2380
"Randolph Christian School Society, Inc.",NA,NA,13,9,68,2018-19,0000_2380
"Randolph Christian School Society, Inc.",NA,NA,18,7,59,2019-20,0000_2380
Regis Catholic Schools,NA,NA,134,NA,795,2016-17,0000_1183
Regis Catholic Schools,NA,NA,148,NA,797,2017-18,0000_1183
Regis Catholic Schools,NA,NA,171,NA,809,2018-19,0000_1183
Regis Catholic Schools,NA,NA,182,NA,800,2019-20,0000_1183
Renaissance Lutheran School,NA,350,1,2,356,2018-19,0000_1619
Renaissance Lutheran School,NA,379,7,5,395,2019-20,0000_1619
Renaissance School,NA,321,0,2,327,2016-17,0000_1619
Renaissance School,NA,326,0,3,333,2017-18,0000_1619
"Right Step, Inc.",132,NA,NA,NA,135,2016-17,0000_1530
"Right Step, Inc.",114,NA,NA,NA,116,2017-18,0000_1530
"Right Step, Inc.",99,NA,NA,NA,99,2018-19,0000_1530
"Right Step, Inc.",78,NA,NA,NA,82,2019-20,0000_1530
Risen Savior Lutheran School,232,NA,3,NA,240,2016-17,0000_1351
Risen Savior Lutheran School,219,NA,1,NA,225,2017-18,0000_1351
Risen Savior Lutheran School,223,NA,8,NA,234,2018-19,0000_1351
Risen Savior Lutheran School,229,NA,11,NA,241,2019-20,0000_1351
Riverview Lutheran School,NA,NA,48,NA,102,2019-20,0000_2450
Rock County Christian School,NA,NA,118,NA,174,2016-17,0000_2457
Rock County Christian School,NA,NA,141,NA,206,2017-18,0000_2457
Rock County Christian School,NA,NA,175,NA,227,2018-19,0000_2457
Rock County Christian School,NA,NA,198,NA,265,2019-20,0000_2457
Roncalli High School,NA,NA,31,NA,285,2016-17,0000_2460
Roncalli High School,NA,NA,40,NA,267,2017-18,0000_2460
Roncalli High School,NA,NA,61,3,247,2018-19,0000_2460
Roncalli High School,NA,NA,65,4,229,2019-20,0000_2460
Sacred Heart Catholic School,NA,NA,14,NA,90,2018-19,0000_2640
Sacred Heart Catholic School,NA,NA,32,NA,103,2019-20,0000_2640
Saint Adalbert School,470,NA,NA,NA,473,2016-17,0000_2750
Saint Adalbert School,438,NA,NA,NA,444,2017-18,0000_2750
Saint Adalbert School,403,NA,NA,NA,408,2018-19,0000_2750
Saint Adalbert School,411,NA,10,NA,423,2019-20,0000_2750
Saint Agnes School,72,NA,3,NA,135,2016-17,0000_2800
Saint Agnes School,81,NA,3,NA,145,2017-18,0000_2800
Saint Agnes School,95,NA,11,NA,156,2018-19,0000_2800
Saint Agnes School,94,NA,14,NA,148,2019-20,0000_2800
Saint Andrew Parish School,NA,NA,36,NA,158,2018-19,0000_2950
Saint Andrew Parish School,NA,NA,47,NA,142,2019-20,0000_2950
Saint Anthony de Padua Catholic School,NA,NA,20,NA,58,2019-20,0000_3050
Saint Anthony School,1931,NA,NA,NA,1943,2016-17,0000_3100
Saint Anthony School - Milwaukee,1748,NA,NA,NA,1770,2017-18,0000_3100
Saint Anthony School - Milwaukee,1726,NA,NA,NA,1747,2018-19,0000_3100
Saint Anthony School - Milwaukee,1568,NA,NA,25,1610,2019-20,0000_3100
Saint Anthony School - Oconto Falls,NA,NA,12,NA,60,2018-19,0000_3120
Saint Anthony School - Oconto Falls,NA,NA,18,NA,72,2019-20,0000_3120
Saint Augustine Preparatory Academy - Milwaukee,593,NA,1,NA,597,2017-18,0000_1745
Saint Augustine Preparatory Academy - Milwaukee,822,NA,6,62,892,2018-19,0000_1745
Saint Augustine Preparatory Academy - Milwaukee,1185,NA,13,102,1308,2019-20,0000_1745
Saint Augustine School - Hartford,NA,NA,6,NA,68,2018-19,0000_1997
Saint Augustine School - Hartford,NA,NA,19,NA,75,2019-20,0000_1997
Saint Bruno Parish School,NA,NA,7,NA,74,2016-17,0000_3375
Saint Bruno Parish School,NA,NA,15,NA,76,2017-18,0000_3375
Saint Bruno Parish School,NA,NA,22,NA,88,2018-19,0000_3375
Saint Bruno Parish School,NA,NA,18,NA,92,2019-20,0000_3375
Saint Catherine's High School,NA,447,NA,NA,604,2016-17,NA
Saint Catherine's High School,NA,523,NA,NA,667,2017-18,NA
Saint Catherine School,164,NA,NA,NA,165,2016-17,0000_3410
Saint Catherine School,173,NA,NA,NA,173,2017-18,0000_3410
Saint Catherine School,138,NA,1,0,139,2018-19,0000_3410
Saint Catherine School,122,NA,0,NA,122,2019-20,0000_3410
Saint Charles Borromeo - Burlington,NA,NA,11,NA,148,2017-18,0000_3450
Saint Charles Borromeo - Burlington,NA,NA,26,NA,113,2018-19,0000_3450
Saint Charles Borromeo Catholic School,117,NA,NA,NA,215,2017-18,0000_3455
Saint Charles Borromeo Catholic School - Milwaukee,113,NA,6,0,206,2018-19,0000_3455
Saint Charles Borromeo Catholic School - Milwaukee,117,NA,16,3,220,2019-20,0000_3455
Saint Charles Borromeo School,131,NA,NA,NA,219,2016-17,0000_3455
Saint Clare Catholic School,NA,NA,12,NA,84,2019-20,0000_7040
Saint Coletta Day School,2,NA,NA,22,24,2016-17,0000_3580
Saint Coletta Day School,1,NA,NA,25,26,2017-18,0000_3580
Saint Coletta Day School,1,NA,NA,29,30,2018-19,0000_3580
Saint Coletta Day School,0,NA,NA,31,31,2019-20,0000_3580
Saint Elizabeth Ann Seton Catholic School,NA,NA,23,NA,168,2018-19,0000_1130
Saint Elizabeth Ann Seton Catholic School,NA,NA,42,NA,149,2019-20,0000_1130
Saint Francis de Sales Parish School,NA,NA,9,NA,159,2017-18,0000_3750
Saint Francis de Sales Parish School,NA,NA,18,NA,160,2018-19,0000_3750
Saint Francis de Sales Parish School,NA,NA,20,NA,148,2019-20,0000_3750
Saint Francis of Assisi School,NA,NA,48,NA,417,2016-17,0000_3710
Saint Francis of Assisi School,NA,NA,78,NA,417,2017-18,0000_3710
Saint Francis of Assisi School,NA,NA,116,NA,431,2018-19,0000_3710
Saint Francis of Assisi School,NA,NA,137,NA,458,2019-20,0000_3710
"Saint Francis Xavier Catholic School System, Inc.",NA,NA,156,NA,1427,2016-17,NA
"Saint Francis Xavier Catholic School System, Inc.",NA,NA,195,NA,1444,2017-18,NA
"Saint Francis Xavier Catholic School System, Inc.",NA,NA,229,NA,1441,2018-19,NA
"Saint Francis Xavier Catholic School System, Inc.",NA,NA,264,9,1436,2019-20,NA
Saint Gregory the Great Parish School,203,NA,NA,NA,263,2016-17,0000_3935
Saint Gregory the Great Parish School,204,NA,NA,NA,256,2017-18,0000_3935
Saint Gregory the Great Parish School,211,NA,NA,NA,248,2018-19,0000_3935
Saint Gregory the Great Parish School,195,NA,NA,NA,222,2019-20,0000_3935
Saint Ignatius of Loyola Catholic School,NA,NA,22,NA,147,2018-19,0000_0930
Saint Ignatius of Loyola Catholic School,NA,NA,40,NA,161,2019-20,0000_0930
Saint Jacobi Lutheran School,21,NA,NA,NA,186,2018-19,0000_4070
Saint Jacobi Lutheran School,36,NA,4,NA,197,2019-20,0000_4070
Saint James Lutheran School,NA,NA,27,NA,172,2016-17,0000_4155
Saint James Lutheran School,NA,NA,47,NA,191,2017-18,0000_4155
Saint James Lutheran School - Shawano,NA,NA,52,NA,188,2018-19,0000_4155
Saint James Lutheran School - Shawano,NA,NA,61,7,190,2019-20,0000_4155
Saint Jerome Parish School,NA,NA,6,NA,245,2016-17,0000_4180
Saint Jerome Parish School,NA,NA,7,NA,214,2017-18,0000_4180
Saint Jerome Parish School,NA,NA,21,NA,220,2018-19,0000_4180
Saint Jerome Parish School,NA,NA,28,NA,202,2019-20,0000_4180
Saint Joan Antida High School,143,NA,0,NA,144,2016-17,0000_4210
Saint Joan Antida High School,138,NA,NA,NA,142,2017-18,0000_4210
Saint Joan Antida High School,157,NA,0,NA,163,2018-19,0000_4210
Saint Joan Antida High School,143,NA,NA,NA,145,2019-20,0000_4210
Saint John's Ev. Lutheran School - Sparta,NA,NA,10,NA,82,2018-19,0000_4650
Saint John's Ev. Lutheran School - Sparta,NA,NA,24,10,81,2019-20,0000_4650
Saint John's Evangelical Lutheran School - Jefferson,NA,NA,23,NA,68,2019-20,0000_4670
Saint John's Lutheran School - Beloit,NA,NA,14,NA,33,2019-20,0000_4835
Saint John's Lutheran School - Burlington,NA,NA,39,NA,118,2016-17,0000_4840
Saint John's Lutheran School - Burlington,NA,NA,42,NA,124,2017-18,0000_4840
Saint John's Lutheran School - Burlington,NA,NA,40,NA,96,2018-19,0000_4840
Saint John's Lutheran School - Burlington,NA,NA,43,NA,97,2019-20,0000_4840
Saint John's Lutheran School - Glendale,33,NA,2,NA,93,2016-17,0000_4460
Saint John's Lutheran School - Glendale,29,NA,2,NA,75,2017-18,0000_4460
Saint John's Lutheran School - Glendale,31,NA,3,NA,72,2018-19,0000_4460
Saint John's Lutheran School - Glendale,39,NA,5,NA,86,2019-20,0000_4460
Saint John's Lutheran School - Lannon,NA,NA,5,NA,102,2017-18,0000_4450
Saint John's Lutheran School - Lannon,NA,NA,10,NA,93,2018-19,0000_4450
Saint John's Lutheran School - Lannon,NA,NA,14,3,98,2019-20,0000_4450
Saint John's Lutheran School - Mayville,NA,NA,8,NA,90,2017-18,0000_4868
Saint John's Lutheran School - Mayville,NA,NA,14,NA,88,2018-19,0000_4868
Saint John's Lutheran School - Mayville,NA,NA,19,NA,93,2019-20,0000_4868
Saint John's Lutheran School - Milw,157,NA,2,NA,210,2016-17,0000_4655
Saint John's Lutheran School - Milwaukee,181,NA,2,NA,232,2017-18,0000_4655
Saint John's Lutheran School - Milwaukee,200,NA,4,NA,249,2018-19,0000_4655
Saint John's Lutheran School - Milwaukee,192,NA,20,NA,261,2019-20,0000_4655
Saint John's Lutheran School - Newburg,NA,NA,19,1,63,2019-20,0000_4890
Saint John's Lutheran School - Portage,NA,NA,27,NA,101,2016-17,0000_4770
Saint John's Lutheran School - Portage,NA,NA,27,NA,98,2017-18,0000_4770
Saint John's Lutheran School - Portage,NA,NA,27,NA,95,2018-19,0000_4770
Saint John's Lutheran School - Portage,NA,NA,27,NA,89,2019-20,0000_4770
Saint John's Lutheran School - Racine,NA,117,NA,NA,195,2016-17,0000_4910
Saint John's Lutheran School - Racine,NA,153,NA,NA,218,2017-18,0000_4910
Saint John's Lutheran School - Racine,NA,170,NA,NA,227,2018-19,0000_4910
Saint John's Lutheran School - Racine,NA,184,NA,NA,232,2019-20,0000_4910
Saint John's Lutheran School - Watertown,NA,NA,6,NA,89,2018-19,0000_4475
Saint John's Lutheran School - Watertown,NA,NA,7,NA,102,2019-20,0000_4475
Saint John's Lutheran School - West Bend,NA,NA,21,NA,180,2018-19,0000_4920
Saint John's Lutheran School - West Bend,NA,NA,49,NA,238,2019-20,0000_4920
Saint John Evangelical Lutheran School - Wrightstown,NA,NA,8,NA,44,2019-20,0000_4320
Saint John Grade School - Little Chute,NA,NA,29,NA,204,2019-20,0000_4350
Saint John Kanty School,189,NA,NA,NA,190,2016-17,0000_4420
Saint John Kanty School,162,NA,NA,NA,166,2017-18,0000_4420
Saint John Kanty School,124,NA,NA,NA,126,2018-19,0000_4420
Saint John Lutheran School - Berlin,NA,NA,6,NA,47,2016-17,0000_4440
Saint John Lutheran School - Berlin,NA,NA,11,NA,47,2017-18,0000_4440
Saint John Lutheran School - Berlin,NA,NA,13,NA,49,2018-19,0000_4440
Saint John Lutheran School - Berlin,NA,NA,19,NA,53,2019-20,0000_4440
Saint John Lutheran School - Plymouth,NA,NA,22,NA,171,2016-17,0000_4483
Saint John Lutheran School - Plymouth,NA,NA,30,NA,182,2017-18,0000_4483
Saint John Lutheran School - Plymouth,NA,NA,29,NA,180,2018-19,0000_4483
Saint John Lutheran School - Plymouth,NA,NA,35,NA,166,2019-20,0000_4483
Saint John Lutheran School - Wausau,NA,NA,22,NA,47,2019-20,NA
Saint John Paul II School,285,NA,NA,NA,291,2019-20,0000_2850
Saint John Saint James Lutheran School - Reedsville,NA,NA,9,NA,58,2019-20,NA
Saint John School - Edgar,NA,NA,19,NA,19,2019-20,0000_4330
Saint John the Evangelist - Greenfield,13,NA,11,NA,116,2017-18,0000_4560
Saint John the Evangelist - Greenfield,23,NA,14,NA,104,2018-19,0000_4560
Saint John the Evangelist - Greenfield,33,NA,14,NA,107,2019-20,0000_4560
Saint John XXIII Catholic School - Port Washington,NA,NA,8,12,136,2018-19,0000_2312
Saint John XXIII Catholic School - Port Washington,NA,NA,11,16,120,2019-20,0000_2312
Saint Josaphat Parish School,235,NA,NA,NA,248,2016-17,0000_4950
Saint Josaphat Parish School,223,NA,NA,NA,232,2017-18,0000_4950
Saint Josaphat Parish School,208,NA,NA,NA,214,2018-19,0000_4950
Saint Josaphat Parish School,172,NA,NA,NA,186,2019-20,0000_4950
Saint Joseph Academy - Milwaukee,443,NA,5,NA,455,2016-17,0000_8224
Saint Joseph Academy - Milwaukee,452,NA,8,NA,469,2017-18,0000_8224
Saint Joseph Academy - Milwaukee,452,NA,12,NA,469,2018-19,0000_8224
Saint Joseph Academy - Milwaukee,460,NA,10,NA,471,2019-20,0000_8224
Saint Joseph Catholic Academy - Kenosha,NA,NA,110,NA,775,2016-17,0000_5220
Saint Joseph Catholic Academy - Kenosha,NA,NA,134,NA,736,2017-18,0000_5220
Saint Joseph Catholic Academy - Kenosha,NA,NA,135,16,688,2018-19,0000_5220
Saint Joseph Catholic Academy - Kenosha,NA,NA,176,15,747,2019-20,0000_5220
Saint Joseph Catholic School - Boyd,NA,NA,11,NA,28,2016-17,0000_5020
Saint Joseph Catholic School - Boyd,NA,NA,16,NA,40,2017-18,0000_5020
Saint Joseph Catholic School - Boyd,NA,NA,22,0,46,2018-19,0000_5020
Saint Joseph Catholic School - Boyd,NA,NA,21,NA,45,2019-20,0000_5020
Saint Joseph Parish School - Grafton,NA,NA,2,NA,145,2017-18,0000_5340
Saint Joseph Parish School - Grafton,NA,NA,3,NA,121,2018-19,0000_5340
Saint Joseph Parish School - Grafton,NA,NA,8,3,114,2019-20,0000_5340
Saint Joseph School - Racine,NA,90,NA,NA,140,2016-17,0000_5140
Saint Joseph School - Racine,NA,141,NA,NA,181,2017-18,0000_5140
Saint Joseph School - Rice Lake,NA,NA,11,NA,153,2018-19,0000_5150
Saint Joseph School - Rice Lake,NA,NA,13,NA,155,2019-20,0000_5150
Saint Joseph School - Wauwatosa,22,NA,9,NA,162,2016-17,0000_4980
Saint Joseph School - Wauwatosa,23,NA,12,NA,170,2017-18,0000_4980
Saint Joseph School - Wauwatosa,44,NA,14,NA,176,2018-19,0000_4980
Saint Joseph School - Wauwatosa,44,NA,16,NA,189,2019-20,0000_4980
Saint Katharine Drexel School,NA,NA,7,NA,162,2017-18,0000_8560
Saint Katharine Drexel School,NA,NA,10,NA,151,2018-19,0000_8560
Saint Katharine Drexel School,NA,NA,14,NA,144,2019-20,0000_8560
Saint Kilian School,NA,NA,2,NA,93,2018-19,0000_5480
Saint Kilian School,NA,NA,5,NA,74,2019-20,0000_5480
Saint Leonard School,NA,NA,2,NA,156,2016-17,0000_5555
Saint Leonard School,NA,NA,3,NA,132,2017-18,0000_5555
Saint Leonard School,NA,NA,5,NA,127,2018-19,0000_5555
Saint Leonard School,NA,NA,16,NA,140,2019-20,0000_5555
Saint Lucas Lutheran School,115,NA,12,NA,195,2016-17,0000_5640
Saint Lucas Lutheran School,115,NA,13,NA,185,2017-18,0000_5640
Saint Lucas Lutheran School,115,NA,13,4,188,2018-19,0000_5640
Saint Lucas Lutheran School,100,NA,13,4,171,2019-20,0000_5640
Saint Lucy School,NA,66,NA,NA,204,2018-19,0000_5650
Saint Marcus Lutheran School,733,NA,NA,50,817,2016-17,0000_5710
Saint Marcus Lutheran School,746,NA,NA,68,851,2017-18,0000_5710
Saint Marcus Lutheran School,710,NA,NA,86,829,2018-19,0000_5710
Saint Marcus Lutheran School,746,NA,NA,81,856,2019-20,0000_5710
Saint Margaret Mary School,253,NA,NA,NA,259,2016-17,0000_5720
Saint Margaret Mary School,221,NA,NA,NA,221,2017-18,0000_5720
Saint Margaret Mary School,165,NA,NA,NA,175,2018-19,0000_5720
Saint Margaret Mary School,133,NA,NA,NA,134,2019-20,0000_5720
Saint Mark Lutheran School,NA,NA,32,NA,192,2016-17,0000_5737
Saint Mark Lutheran School,NA,NA,36,NA,179,2017-18,0000_5737
Saint Mark Lutheran School,NA,NA,42,NA,174,2018-19,0000_5737
Saint Mark Lutheran School,NA,NA,43,7,181,2019-20,0000_5737
Saint Martin Lutheran School,NA,NA,8,NA,134,2016-17,0000_5820
Saint Martin Lutheran School,NA,NA,20,NA,148,2017-18,0000_5820
Saint Martin Lutheran School - Clintonville,NA,NA,26,NA,159,2018-19,0000_5820
Saint Martin Lutheran School - Clintonville,NA,NA,36,NA,166,2019-20,0000_5820
Saint Martin of Tours Parish School,18,NA,8,NA,79,2016-17,0000_2725
Saint Martin of Tours Parish School,6,NA,9,NA,42,2017-18,0000_2725
Saint Martin of Tours Parish School - Franklin,5,NA,12,5,51,2018-19,0000_2725
Saint Martini Lutheran School,251,NA,NA,2,253,2016-17,0000_5830
Saint Martini Lutheran School,225,NA,NA,3,229,2017-18,0000_5830
Saint Martini Lutheran School,178,NA,NA,4,182,2018-19,0000_5830
Saint Martini Lutheran School,167,NA,8,4,188,2019-20,0000_5830
Saint Mary's Springs Academy,NA,NA,67,NA,794,2016-17,0000_6560
Saint Mary's Springs Academy,NA,NA,84,0,827,2017-18,0000_6560
Saint Mary's Springs Academy,NA,NA,106,41,869,2018-19,0000_6560
Saint Mary's Springs Academy,NA,NA,108,47,875,2019-20,0000_6560
Saint Mary Catholic School - Hilbert,NA,NA,12,NA,27,2019-20,0000_5940
Saint Mary Catholic Schools,NA,NA,96,NA,826,2016-17,0000_8162
Saint Mary Catholic Schools - Neenah,NA,NA,113,NA,800,2017-18,0000_8162
Saint Mary Catholic Schools - Neenah,NA,NA,125,NA,807,2018-19,0000_8162
Saint Mary Catholic Schools - Neenah,NA,NA,143,NA,847,2019-20,0000_8162
Saint Mary of the Assumption Catholic School,NA,NA,6,NA,142,2017-18,0000_6030
Saint Mary of the Assumption Catholic School,NA,NA,13,NA,146,2018-19,0000_6030
Saint Mary of the Assumption Catholic School,NA,NA,19,NA,142,2019-20,0000_6030
Saint Mary of the Immaculate Conception,NA,NA,31,NA,136,2019-20,0000_1390
Saint Mary Saint Michael School,NA,NA,5,NA,32,2017-18,0000_6550
Saint Mary Saint Michael School,NA,NA,9,NA,41,2018-19,0000_6550
Saint Mary Saint Michael School,NA,NA,14,NA,42,2019-20,0000_6550
Saint Mary School - Algoma,NA,NA,2,0,31,2018-19,0000_5855
Saint Mary School - Algoma,NA,NA,2,NA,16,2019-20,0000_5855
Saint Mary School - Burlington,NA,NA,2,NA,301,2017-18,NA
Saint Mary School - Burlington,NA,NA,15,NA,309,2018-19,NA
Saint Mary School - Colby,NA,NA,29,NA,100,2018-19,0000_6290
Saint Mary School - Colby,NA,NA,31,NA,91,2019-20,0000_6290
Saint Mary School - Luxemburg,NA,NA,5,NA,90,2017-18,0000_6370
Saint Mary School - Luxemburg,NA,NA,9,NA,88,2018-19,0000_6370
Saint Mary School - Luxemburg,NA,NA,11,2,78,2019-20,0000_6370
Saint Matthew's Lutheran School,NA,NA,5,NA,118,2017-18,0000_6662
Saint Matthew's Lutheran School - Oconomowoc,NA,NA,21,NA,153,2018-19,0000_6662
Saint Matthew's Lutheran School - Oconomowoc,NA,NA,21,NA,169,2019-20,0000_6662
Saint Matthew School,NA,30,NA,NA,168,2016-17,0000_6666
Saint Matthew School,NA,27,NA,NA,173,2017-18,0000_6666
Saint Matthew School - Oak Creek,NA,24,NA,NA,179,2018-19,0000_6666
Saint Matthew School - Oak Creek,NA,25,NA,NA,172,2019-20,0000_6666
Saint Matthias Parish School,85,NA,6,NA,260,2016-17,0000_6690
Saint Matthias Parish School,123,NA,10,NA,273,2017-18,0000_6690
Saint Matthias Parish School,120,NA,17,NA,242,2018-19,0000_6690
Saint Matthias Parish School,115,NA,19,NA,217,2019-20,0000_6690
Saint Nicholas Catholic School,NA,NA,8,NA,111,2018-19,0000_6820
Saint Nicholas Catholic School,NA,NA,26,NA,107,2019-20,0000_6820
Saint Patrick School,NA,NA,33,NA,124,2018-19,0000_7000
Saint Patrick School,NA,NA,34,NA,124,2019-20,0000_7000
Saint Paul's Evangelical Lutheran School - Oconomowoc,NA,NA,7,NA,153,2016-17,0000_7140
Saint Paul's Evangelical Lutheran School - Oconomowoc,NA,NA,18,NA,167,2017-18,0000_7140
Saint Paul's Evangelical Lutheran School - Oconomowoc,NA,NA,25,NA,160,2018-19,0000_7140
Saint Paul's Evangelical Lutheran School - Oconomowoc,NA,NA,22,NA,138,2019-20,0000_7140
Saint Paul's Evangelical Lutheran School - Onalaska,NA,NA,54,NA,195,2019-20,0000_7144
Saint Paul's Lutheran School - Cudahy,9,NA,4,NA,54,2018-19,0000_7135
Saint Paul's Lutheran School - Cudahy,9,NA,11,NA,60,2019-20,0000_7135
Saint Paul's Lutheran School - East Troy,NA,NA,11,NA,59,2019-20,0000_7250
Saint Paul's Lutheran School - Howards Grove,NA,NA,9,NA,77,2018-19,0000_7290
Saint Paul's Lutheran School - Howards Grove,NA,NA,12,NA,69,2019-20,0000_7290
Saint Paul's Lutheran School - Janesville,NA,NA,11,NA,208,2018-19,0000_7267
Saint Paul's Lutheran School - Janesville,NA,NA,20,NA,248,2019-20,0000_7267
Saint Paul's Lutheran School - Menomonie,NA,NA,9,NA,37,2019-20,0000_7270
Saint Paul's Lutheran School - Muskego,4,NA,8,NA,239,2017-18,0000_7265
Saint Paul's Lutheran School - Muskego,5,NA,21,NA,270,2018-19,0000_7265
Saint Paul's Lutheran School - Muskego,12,NA,28,NA,263,2019-20,0000_7265
Saint Paul's Lutheran School - West Allis,35,NA,8,NA,107,2016-17,0000_7240
Saint Paul's Lutheran School - West Allis,44,NA,11,NA,127,2017-18,0000_7240
Saint Paul's Lutheran School - West Allis,47,NA,14,NA,129,2018-19,0000_7240
Saint Paul's Lutheran School - West Allis,52,NA,13,NA,132,2019-20,0000_7240
Saint Paul Lutheran School - Appleton,NA,NA,15,NA,120,2016-17,0000_7030
Saint Paul Lutheran School - Appleton,NA,NA,26,NA,108,2017-18,0000_7030
Saint Paul Lutheran School - Appleton,NA,NA,39,NA,121,2018-19,0000_7030
Saint Paul Lutheran School - Appleton,NA,NA,47,NA,133,2019-20,0000_7030
Saint Paul Lutheran School - Bonduel,NA,NA,14,NA,194,2016-17,0000_7050
Saint Paul Lutheran School - Bonduel,NA,NA,31,NA,198,2017-18,0000_7050
Saint Paul Lutheran School - Bonduel,NA,NA,39,NA,200,2018-19,0000_7050
Saint Paul Lutheran School - Bonduel,NA,NA,44,9,195,2019-20,0000_7050
Saint Paul Lutheran School - Grafton,NA,NA,13,NA,242,2016-17,0000_7091
Saint Paul Lutheran School - Grafton,NA,NA,20,NA,265,2017-18,0000_7091
Saint Paul Lutheran School - Grafton,NA,NA,29,NA,262,2018-19,0000_7091
Saint Paul Lutheran School - Grafton,NA,NA,40,NA,281,2019-20,0000_7091
Saint Paul Lutheran School - Green Bay,NA,NA,8,NA,92,2017-18,0000_7092
Saint Paul Lutheran School - Green Bay,NA,NA,14,NA,98,2018-19,0000_7092
Saint Paul Lutheran School - Green Bay,NA,NA,26,7,113,2019-20,0000_7092
Saint Paul Lutheran School - Luxemburg,NA,NA,6,NA,62,2016-17,0000_7070
Saint Paul Lutheran School - Luxemburg,NA,NA,7,NA,61,2017-18,0000_7070
Saint Paul Lutheran School - Luxemburg,NA,NA,8,2,71,2018-19,0000_7070
Saint Paul Lutheran School - Luxemburg,NA,NA,8,2,67,2019-20,0000_7070
Saint Paul Lutheran School - Sheboygan,NA,NA,19,0,53,2016-17,0000_7230
Saint Paul Lutheran School - Sheboygan,NA,NA,28,3,52,2017-18,0000_7230
Saint Paul Lutheran School - Sheboygan,NA,NA,40,3,56,2018-19,0000_7230
Saint Paul Lutheran School - Sheboygan,NA,NA,39,4,62,2019-20,0000_7230
Saint Paul School - Genesee Depot,NA,NA,1,NA,87,2016-17,NA
Saint Peter's Lutheran School - Helenville,NA,NA,14,NA,40,2019-20,0000_7510
Saint Peter's School - East Troy,NA,NA,14,NA,14,2019-20,0000_7430
Saint Peter-Immanuel Lutheran School - Milwaukee,175,NA,NA,NA,176,2016-17,0000_7400
Saint Peter Immanuel Lutheran School - Milwaukee,146,NA,NA,NA,146,2017-18,0000_7400
Saint Peter Immanuel Lutheran School - Milwaukee,119,NA,NA,NA,120,2018-19,0000_7400
Saint Peter Immanuel Lutheran School - Milwaukee,105,NA,NA,NA,105,2019-20,0000_7400
Saint Peter Lutheran School - Freedom,NA,NA,28,NA,197,2016-17,0000_7412
Saint Peter Lutheran School - Freedom,NA,NA,30,NA,223,2017-18,0000_7412
Saint Peter Lutheran School - Freedom,NA,NA,38,NA,224,2018-19,0000_7412
Saint Peter Lutheran School - Freedom,NA,NA,37,NA,222,2019-20,0000_7412
Saint Peters Lutheran School - Reedsburg,NA,NA,12,NA,156,2016-17,0000_7500
Saint Peters Lutheran School - Reedsburg,NA,NA,23,NA,155,2017-18,0000_7500
Saint Peters Lutheran School - Reedsburg,NA,NA,35,NA,162,2018-19,0000_7500
Saint Peters Lutheran School - Reedsburg,NA,NA,34,NA,147,2019-20,0000_7500
Saint Philip's Lutheran School,136,NA,NA,NA,136,2016-17,0000_1302
Saint Philip's Lutheran School,143,NA,NA,NA,143,2017-18,0000_1302
Saint Philip's Lutheran School,152,NA,NA,NA,154,2018-19,0000_1302
Saint Philip's Lutheran School,145,NA,4,NA,149,2019-20,0000_1302
Saint Rafael the Archangel School,374,NA,2,NA,382,2016-17,0000_1200
Saint Rafael the Archangel School,350,NA,1,NA,352,2017-18,0000_1200
Saint Rafael the Archangel School,303,NA,11,0,319,2018-19,0000_1200
Saint Rafael the Archangel School,329,NA,11,7,348,2019-20,0000_1200
Saint Rita School,NA,33,NA,NA,148,2018-19,0000_7632
Saint Robert School,NA,NA,NA,5,265,2019-20,0000_7650
Saint Roman Parish School,258,NA,NA,NA,290,2016-17,0000_7670
Saint Roman Parish School,249,NA,NA,NA,277,2017-18,0000_7670
Saint Roman Parish School,271,NA,7,0,295,2018-19,0000_7670
Saint Roman Parish School,284,NA,14,NA,319,2019-20,0000_7670
Saint Rose Saint Mary's School,NA,NA,5,NA,41,2018-19,0000_7680
Saint Rose Saint Mary's School,NA,NA,11,NA,41,2019-20,0000_7680
Saint Sebastian School,199,NA,NA,NA,321,2016-17,0000_7720
Saint Sebastian School,213,NA,NA,NA,331,2017-18,0000_7720
Saint Sebastian School,212,NA,2,NA,327,2018-19,0000_7720
Saint Sebastian School,222,NA,6,NA,338,2019-20,0000_7720
Saint Stephen Lutheran School,NA,NA,7,NA,91,2018-19,0000_7850
Saint Stephen Lutheran School,NA,NA,6,NA,90,2019-20,0000_7850
Saint Thomas Aquinas Academy - Marinette,NA,NA,11,NA,105,2016-17,0000_1760
Saint Thomas Aquinas Academy - Marinette,NA,NA,22,NA,97,2017-18,0000_1760
Saint Thomas Aquinas Academy - Marinette,NA,NA,40,NA,102,2018-19,0000_1760
Saint Thomas Aquinas Academy - Marinette,NA,NA,53,NA,127,2019-20,0000_1760
Saint Thomas Aquinas Academy - Milwaukee,123,NA,NA,NA,223,2016-17,0000_7980
Saint Thomas Aquinas Academy - Milwaukee,139,NA,2,NA,222,2017-18,0000_7980
Saint Thomas Aquinas Academy - Milwaukee,150,NA,3,0,227,2018-19,0000_7980
Saint Thomas Aquinas Academy - Milwaukee,142,NA,7,0,216,2019-20,0000_7980
Saint Thomas Aquinas School - Waterford,NA,NA,4,NA,74,2017-18,0000_7940
Saint Thomas Aquinas School - Waterford,NA,NA,4,NA,57,2018-19,0000_7940
Saint Thomas More High School,245,NA,2,NA,530,2016-17,0000_8371
Saint Thomas More High School,243,NA,1,NA,522,2017-18,0000_8371
Saint Thomas More High School,239,NA,15,NA,513,2018-19,0000_8371
Saint Thomas More High School,244,0,17,NA,510,2019-20,0000_8371
Saint Vincent Pallotti Catholic School,176,NA,1,NA,201,2016-17,0000_3160
Saint Vincent Pallotti Catholic School,176,NA,3,NA,201,2017-18,0000_3160
Saint Vincent Pallotti Catholic School,165,NA,5,NA,187,2018-19,0000_3160
Saint Vincent Pallotti Catholic School,161,NA,4,NA,186,2019-20,0000_3160
Salam School,668,NA,5,NA,763,2016-17,0000_8075
Salam School,739,NA,6,NA,823,2017-18,0000_8075
Salam School,747,NA,13,NA,828,2018-19,0000_8075
Salam School,764,NA,14,NA,862,2019-20,0000_8075
Salem Evangelical Lutheran School,131,NA,NA,NA,142,2016-17,0000_8080
Salem Evangelical Lutheran School,142,NA,1,NA,152,2017-18,0000_8080
Salem Evangelical Lutheran School,156,NA,3,NA,162,2018-19,0000_8080
Salem Evangelical Lutheran School,166,NA,4,NA,174,2019-20,0000_8080
Sharon Junior Academy,5,NA,NA,NA,6,2016-17,0000_8190
Sharon Junior Academy,27,NA,NA,NA,27,2017-18,0000_8190
Sharon Junior Academy,22,NA,NA,NA,22,2018-19,0000_8190
Sheboygan Area Lutheran High School,NA,NA,29,NA,177,2016-17,0000_8195
Sheboygan Area Lutheran High School,NA,NA,30,NA,166,2017-18,0000_8195
Sheboygan Area Lutheran High School,NA,NA,47,NA,167,2018-19,0000_8195
Sheboygan Area Lutheran High School,NA,NA,63,NA,182,2019-20,0000_8195
Sheboygan Christian School,NA,NA,35,NA,208,2016-17,0000_8200
Sheboygan Christian School,NA,NA,52,NA,226,2017-18,0000_8200
Sheboygan Christian School,NA,NA,77,NA,223,2018-19,0000_8200
Sheboygan Christian School,NA,NA,101,NA,239,2019-20,0000_8200
Sherman Park Lutheran School,241,NA,NA,0,249,2016-17,0000_1167
Sherman Park Lutheran School,209,NA,NA,0,210,2017-18,0000_1167
"Shining Star Christian Schools, Inc.",218,NA,NA,NA,223,2016-17,0000_1704
"Shining Star Christian Schools, Inc.",297,NA,0,NA,299,2017-18,0000_1704
"Shining Star Christian Schools, Inc.",389,NA,1,0,390,2018-19,0000_1704
"Shining Star Christian Schools, Inc.",421,NA,0,0,430,2019-20,0000_1704
Shoreland Lutheran High School,0,99,20,NA,328,2016-17,0000_8213
Shoreland Lutheran High School,0,115,28,NA,342,2017-18,0000_8213
Shoreland Lutheran High School,0,131,37,3,341,2018-19,0000_8213
Shoreland Lutheran High School,0,133,47,2,350,2019-20,0000_8213
"Siena Catholic Schools of Racine, Inc",NA,1089,NA,NA,1259,2018-19,0000_3430
"Siena Catholic Schools of Racine, Inc",NA,1253,NA,NA,1583,2019-20,0000_3430
Siloah Lutheran School,184,NA,NA,NA,184,2016-17,0000_8217
Siloah Lutheran School,168,NA,NA,NA,168,2017-18,0000_8217
Siloah Lutheran School,113,NA,NA,NA,113,2018-19,0000_8217
Siloah Lutheran School,90,NA,NA,NA,90,2019-20,0000_8217
Sonnenberg School,NA,NA,NA,14,14,2019-20,0000_1750
Stevens Point Christian Academy,NA,NA,22,4,41,2018-19,0000_0766
Stevens Point Christian Academy,NA,NA,35,5,52,2019-20,0000_0766
Tamarack Waldorf School,222,NA,NA,7,290,2016-17,0000_1048
Tamarack Waldorf School,229,NA,NA,9,294,2017-18,0000_1048
Tamarack Waldorf School,222,NA,NA,18,286,2018-19,0000_1048
Tamarack Waldorf School,180,NA,NA,14,235,2019-20,0000_1048
Texas Bufkin Christian Academy,72,NA,NA,NA,72,2016-17,0000_1171
Texas Bufkin Christian Academy,22,NA,NA,NA,22,2017-18,0000_1171
The City School,157,NA,NA,NA,157,2018-19,0000_1776
The City School,160,NA,NA,NA,160,2019-20,0000_1776
Torah Academy of Milwaukee,22,NA,NA,NA,35,2016-17,0000_8379
Torah Academy of Milwaukee,19,NA,NA,NA,29,2017-18,0000_8379
Torah Academy of Milwaukee,25,NA,0,3,33,2018-19,0000_8379
Torah Academy of Milwaukee,27,NA,NA,3,32,2019-20,0000_8379
TransCenter for Youth,100,NA,NA,NA,100,2016-17,0000_1631
TransCenter for Youth,118,NA,NA,NA,118,2017-18,0000_1631
TransCenter for Youth,89,NA,NA,23,112,2018-19,0000_1631
Trinity Academy - Pewaukee,NA,NA,12,NA,80,2018-19,0000_1292
Trinity Academy - Pewaukee,NA,NA,11,NA,40,2019-20,0000_1292
Trinity Evangelical Lutheran School - Brillion,NA,NA,7,NA,122,2018-19,0000_8378
Trinity Evangelical Lutheran School - Brillion,NA,NA,13,NA,123,2019-20,0000_8378
Trinity Lutheran School - Caledonia,NA,71,1,NA,179,2016-17,0000_8505
Trinity Lutheran School - Caledonia,NA,82,2,NA,184,2017-18,0000_8505
Trinity Lutheran School - Caledonia,NA,91,2,NA,190,2018-19,0000_8505
Trinity Lutheran School - Caledonia,3,86,3,NA,177,2019-20,0000_8505
Trinity Lutheran School - Marinette,NA,NA,16,NA,59,2018-19,0000_8520
Trinity Lutheran School - Marinette,NA,NA,16,NA,63,2019-20,0000_8520
Trinity Lutheran School - Mequon,57,NA,6,NA,120,2016-17,0000_8430
Trinity Lutheran School - Mequon,49,NA,11,NA,120,2017-18,0000_8430
Trinity Lutheran School - Mequon,41,NA,13,NA,110,2018-19,0000_8430
Trinity Lutheran School - Mequon,57,NA,16,NA,146,2019-20,0000_8430
Trinity Lutheran School - Merrill,NA,NA,26,NA,135,2016-17,0000_8440
Trinity Lutheran School - Merrill,NA,NA,29,NA,123,2017-18,0000_8440
Trinity Lutheran School - Merrill,NA,NA,30,NA,115,2018-19,0000_8440
Trinity Lutheran School - Merrill,NA,NA,38,NA,136,2019-20,0000_8440
Trinity Lutheran School - Neenah,NA,NA,11,NA,85,2017-18,0000_8450
Trinity Lutheran School - Neenah,NA,NA,14,NA,105,2018-19,0000_8450
Trinity Lutheran School - Neenah,NA,NA,18,NA,106,2019-20,0000_8450
Trinity Lutheran School - Oshkosh,NA,NA,5,NA,40,2017-18,0000_8530
Trinity Lutheran School - Oshkosh,NA,NA,15,NA,44,2018-19,0000_8530
Trinity Lutheran School - Oshkosh,NA,NA,18,NA,41,2019-20,0000_8530
Trinity Lutheran School - Racine,NA,147,NA,NA,216,2016-17,0000_8540
Trinity Lutheran School - Racine,NA,160,NA,NA,218,2017-18,0000_8540
Trinity Lutheran School - Racine,NA,175,NA,NA,221,2018-19,0000_8540
Trinity Lutheran School - Racine,NA,186,NA,NA,222,2019-20,0000_8540
Trinity Lutheran School - Sheboygan,NA,NA,11,NA,115,2016-17,0000_8460
Trinity Lutheran School - Sheboygan,NA,NA,24,NA,119,2017-18,0000_8460
Trinity Lutheran School - Sheboygan,NA,NA,37,NA,136,2018-19,0000_8460
Trinity Lutheran School - Sheboygan,NA,NA,41,NA,41,2019-20,0000_8460
Trinity Lutheran School - Waukesha,2,NA,6,NA,169,2018-19,0000_8547
Trinity Lutheran School - Waukesha,0,NA,12,NA,159,2019-20,0000_8547
Trinity Lutheran School - Wausau,NA,NA,27,NA,154,2016-17,0000_8480
Trinity Lutheran School - Wausau,NA,NA,30,NA,147,2017-18,0000_8480
Trinity Lutheran School - Wausau,NA,NA,43,NA,153,2018-19,0000_8480
Trinity Lutheran School - Wausau,NA,NA,47,NA,158,2019-20,0000_8480
Trinity St. Luke's Lutheran School,NA,NA,5,NA,145,2018-19,0000_8549
Trinity St. Luke's Lutheran School,NA,NA,14,NA,138,2019-20,0000_8549
United to Serve Academy,149,NA,NA,NA,327,2016-17,0000_1686
Valley Christian School - Osceola,NA,NA,18,NA,62,2016-17,0000_8608
Valley Christian School - Osceola,NA,NA,30,NA,81,2017-18,0000_8608
Valley Christian School - Osceola,NA,NA,39,NA,84,2018-19,0000_8608
Valley Christian School - Osceola,NA,NA,43,NA,84,2019-20,0000_8608
Valley Christian School - Oshkosh,NA,NA,56,NA,257,2016-17,0000_1229
Valley Christian School - Oshkosh,NA,NA,77,NA,271,2017-18,0000_1229
Valley Christian School - Oshkosh,NA,NA,117,NA,300,2018-19,0000_1229
Valley Christian School - Oshkosh,NA,NA,182,NA,352,2019-20,0000_1229
Victory Christian Academy,181,NA,2,NA,188,2016-17,0000_1253
Victory Christian Academy,212,NA,8,NA,225,2017-18,0000_1253
Victory Christian Academy,199,0,21,NA,224,2018-19,0000_1253
Victory Christian Academy,211,1,41,NA,258,2019-20,0000_1253
Waukesha Catholic School System,NA,NA,47,NA,466,2016-17,0000_6060
Waukesha Catholic School System,NA,NA,62,NA,452,2017-18,0000_6060
Waukesha Catholic School System,NA,NA,72,NA,439,2018-19,0000_6060
Waukesha Catholic School System,NA,NA,97,NA,426,2019-20,0000_6060
Waupaca Christian Academy,NA,NA,35,NA,70,2018-19,0000_0660
Waupaca Christian Academy,NA,NA,54,NA,100,2019-20,0000_0660
Wells Street Academy,5,NA,NA,9,17,2016-17,0000_1627
Wells Street Academy,9,NA,NA,7,19,2017-18,0000_1627
Wells Street Academy,9,NA,NA,7,18,2018-19,0000_1627
Wells Street Academy,5,NA,NA,14,20,2019-20,0000_1627
Westside Christian School,NA,NA,50,NA,130,2019-20,0000_1256
Winnebago Lutheran Academy,NA,NA,50,NA,299,2016-17,0000_8700
Winnebago Lutheran Academy,NA,NA,48,NA,296,2017-18,0000_8700
Winnebago Lutheran Academy,NA,NA,70,3,283,2018-19,0000_8700
Winnebago Lutheran Academy,NA,NA,75,6,279,2019-20,0000_8700
Wisconsin Academy,36,NA,4,NA,76,2016-17,0000_8710
Wisconsin Academy,26,NA,10,NA,66,2017-18,0000_8710
Wisconsin Academy,24,NA,14,NA,73,2018-19,0000_8710
Wisconsin Academy,23,NA,16,NA,87,2019-20,0000_8710
Wisconsin Lutheran High School,403,NA,13,NA,779,2016-17,0000_8720
Wisconsin Lutheran High School,401,NA,28,NA,773,2017-18,0000_8720
Wisconsin Lutheran High School - Milwaukee,391,NA,56,NA,772,2018-19,0000_8720
Wisconsin Lutheran High School - Milwaukee,399,NA,79,NA,829,2019-20,0000_8720
Wisconsin Lutheran School,NA,138,NA,NA,181,2016-17,0000_8722
Wisconsin Lutheran School,NA,143,NA,NA,177,2017-18,0000_8722
Wisconsin Lutheran School - Racine,NA,139,NA,NA,169,2018-19,0000_8722
Wisconsin Lutheran School - Racine,NA,148,NA,NA,181,2019-20,0000_8722
Wolf River Lutheran High School,NA,NA,5,NA,34,2018-19,0000_1391
Wolf River Lutheran High School,NA,NA,6,NA,23,2019-20,0000_1391
Word of Life Evangelical Lutheran School,72,NA,NA,NA,77,2016-17,0000_0320
Word of Life Evangelical Lutheran School,65,NA,NA,NA,73,2017-18,0000_0320
Word of Life Evangelical Lutheran School,71,0,1,NA,80,2018-19,0000_0320
Word of Life Evangelical Lutheran School,70,0,2,NA,75,2019-20,0000_0320
Yeshiva Elementary School,192,NA,NA,NA,212,2016-17,0000_8740
Yeshiva Elementary School,202,NA,NA,NA,215,2017-18,0000_8740
Yeshiva Elementary School,201,NA,NA,NA,214,2018-19,0000_8740
Yeshiva Elementary School,203,NA,NA,6,222,2019-20,0000_8740
Zion Lutheran School,29,NA,5,NA,102,2016-17,0000_8800
Zion Lutheran School - Hartland,NA,NA,4,NA,27,2019-20,0000_8835
Zion Lutheran School - Menomonee Falls,30,NA,6,1,91,2017-18,0000_8800
Zion Lutheran School - Menomonee Falls,30,NA,16,1,107,2018-19,0000_8800
Zion Lutheran School - Menomonee Falls,34,NA,12,1,94,2019-20,0000_8800
Zion Lutheran School - Wayside,NA,NA,7,NA,87,2018-19,0000_8843
Zion Lutheran School - Wayside,NA,NA,9,NA,81,2019-20,0000_8843
